"","Snail.ID","Sex","Size","Feeding","Distance","Depth","Temp","Snail"
"1",1,"male","small",FALSE,0.17,1.66,21,"1"
"2",1,"male","small",FALSE,0.87,1.26,21,"1"
"3",1,"male","small",FALSE,0.22,1.43,18,"1"
"4",1,"male","small",FALSE,0.13,1.46,19,"1"
"5",1,"male","small",FALSE,0.36,1.21,21,"1"
"6",1,"male","small",TRUE,0.84,1.56,21,"1"
"7",1,"male","small",TRUE,0.69,1.62,20,"1"
"8",1,"male","small",TRUE,0.6,1.62,20,"1"
"9",1,"male","small",TRUE,0.85,1.96,19,"1"
"10",1,"male","small",TRUE,0.59,1.93,19,"1"
"11",1,"male","small",FALSE,0.05,1.23,21,"1"
"12",1,"male","small",FALSE,0.9,1.73,18,"1"
"13",1,"male","small",FALSE,0.12,1.23,20,"1"
"14",1,"male","small",FALSE,0.28,1.83,21,"1"
"15",1,"male","small",FALSE,0.07,1.21,19,"1"
"16",1,"male","small",FALSE,0.87,1.95,18,"1"
"17",1,"male","small",FALSE,0.32,1.66,21,"1"
"18",1,"male","small",FALSE,0.93,1.95,19,"1"
"19",1,"male","small",FALSE,0.3,1.51,19,"1"
"20",1,"male","small",FALSE,0.89,1.07,21,"1"
"21",1,"male","small",FALSE,0.32,1.5,19,"1"
"22",1,"male","small",FALSE,0,1.58,19,"1"
"23",1,"male","small",FALSE,0.88,1.41,21,"1"
"24",1,"male","small",FALSE,0.45,1.54,19,"1"
"25",1,"male","small",FALSE,0.32,1.72,18,"1"
"26",1,"male","small",TRUE,0.38,1.63,18,"1"
"27",1,"male","small",TRUE,0.47,1.04,21,"1"
"28",1,"male","small",TRUE,0.18,1.91,18,"1"
"29",1,"male","small",TRUE,0.76,1.95,20,"1"
"30",1,"male","small",TRUE,0.07,1.3,18,"1"
"31",1,"male","small",FALSE,0.57,1.83,18,"1"
"32",1,"male","small",FALSE,0.65,1.82,21,"1"
"33",1,"male","small",FALSE,0.5,1.66,20,"1"
"34",1,"male","small",FALSE,0.42,1.45,18,"1"
"35",1,"male","small",FALSE,0.49,1.25,20,"1"
"36",1,"male","small",FALSE,0.67,2,18,"1"
"37",1,"male","small",FALSE,0.51,1.61,18,"1"
"38",1,"male","small",FALSE,0.7,1.61,20,"1"
"39",1,"male","small",FALSE,0.55,1.71,18,"1"
"40",1,"male","small",FALSE,0.92,1.66,21,"1"
"41",1,"male","small",FALSE,0.32,1.56,20,"1"
"42",1,"male","small",TRUE,0.13,1.39,20,"1"
"43",1,"male","small",TRUE,0.18,1.78,21,"1"
"44",1,"male","small",TRUE,0.69,1.05,21,"1"
"45",1,"male","small",TRUE,0.66,1.93,18,"1"
"46",1,"male","small",TRUE,0.53,1.25,21,"1"
"47",1,"male","small",FALSE,1,1.92,20,"1"
"48",1,"male","small",FALSE,0.27,1.93,21,"1"
"49",2,"male","small",FALSE,0.18,1.67,19,"2"
"50",2,"male","small",FALSE,0.38,1.79,20,"2"
"51",2,"male","small",FALSE,0.75,1.42,19,"2"
"52",2,"male","small",FALSE,0.54,1.07,21,"2"
"53",2,"male","small",FALSE,0.3,1.21,21,"2"
"54",2,"male","small",TRUE,0.73,1.03,18,"2"
"55",2,"male","small",TRUE,0.03,1.82,18,"2"
"56",2,"male","small",TRUE,0.32,1.18,18,"2"
"57",2,"male","small",TRUE,0.51,1.35,18,"2"
"58",2,"male","small",TRUE,0.15,1.16,19,"2"
"59",2,"male","small",FALSE,0.38,1.34,18,"2"
"60",2,"male","small",FALSE,0.09,1.89,21,"2"
"61",2,"male","small",FALSE,0.47,1.08,20,"2"
"62",2,"male","small",FALSE,0.83,1.95,18,"2"
"63",2,"male","small",FALSE,0.94,1.22,21,"2"
"64",2,"male","small",FALSE,0.85,1.17,20,"2"
"65",2,"male","small",FALSE,0.69,1.66,20,"2"
"66",2,"male","small",FALSE,0.49,1.6,18,"2"
"67",2,"male","small",FALSE,0.18,1.73,19,"2"
"68",2,"male","small",FALSE,0.44,1.16,21,"2"
"69",2,"male","small",FALSE,0.86,1.53,18,"2"
"70",2,"male","small",FALSE,0.92,1.84,18,"2"
"71",2,"male","small",FALSE,0.76,1.25,18,"2"
"72",2,"male","small",FALSE,0.21,1.77,19,"2"
"73",2,"male","small",FALSE,0.31,1.39,21,"2"
"74",2,"male","small",FALSE,0.16,1.91,18,"2"
"75",2,"male","small",TRUE,0.99,1.62,21,"2"
"76",2,"male","small",TRUE,0.01,1.45,21,"2"
"77",2,"male","small",TRUE,0.42,1.56,21,"2"
"78",2,"male","small",TRUE,0.25,1.58,18,"2"
"79",2,"male","small",FALSE,0.48,1.48,19,"2"
"80",2,"male","small",FALSE,0.27,1.25,19,"2"
"81",2,"male","small",FALSE,0.73,1.77,19,"2"
"82",2,"male","small",FALSE,0.08,1.03,18,"2"
"83",2,"male","small",FALSE,0.79,1.9,19,"2"
"84",2,"male","small",FALSE,0.29,1.51,18,"2"
"85",2,"male","small",FALSE,0.09,1,19,"2"
"86",2,"male","small",FALSE,0.07,1.68,20,"2"
"87",2,"male","small",FALSE,0.58,1.37,18,"2"
"88",2,"male","small",FALSE,0.82,1.97,19,"2"
"89",2,"male","small",FALSE,0.34,1.91,19,"2"
"90",2,"male","small",TRUE,0.7,1.13,20,"2"
"91",2,"male","small",TRUE,0.23,1.03,20,"2"
"92",2,"male","small",TRUE,0.98,1.51,19,"2"
"93",2,"male","small",TRUE,0.67,1.53,18,"2"
"94",2,"male","small",TRUE,0.63,1.14,21,"2"
"95",2,"male","small",FALSE,0.81,1.62,20,"2"
"96",2,"male","small",FALSE,0.99,1.79,19,"2"
"97",3,"male","small",FALSE,0.65,1.31,18,"3"
"98",3,"male","small",FALSE,0.44,1.26,21,"3"
"99",3,"male","small",FALSE,0,1.72,18,"3"
"100",3,"male","small",FALSE,0.61,1.87,21,"3"
"101",3,"male","small",FALSE,0.07,1.92,21,"3"
"102",3,"male","small",TRUE,0.39,1.22,21,"3"
"103",3,"male","small",TRUE,0.06,1.54,19,"3"
"104",3,"male","small",TRUE,0.52,1.42,20,"3"
"105",3,"male","small",TRUE,0.16,1.32,18,"3"
"106",3,"male","small",TRUE,0.79,1.76,18,"3"
"107",3,"male","small",TRUE,0.42,1.36,18,"3"
"108",3,"male","small",TRUE,0.53,1.16,19,"3"
"109",3,"male","small",FALSE,0.15,1.15,20,"3"
"110",3,"male","small",FALSE,0.96,1.96,20,"3"
"111",3,"male","small",FALSE,0.48,1.72,19,"3"
"112",3,"male","small",FALSE,0.48,1.95,20,"3"
"113",3,"male","small",TRUE,0.76,1.76,21,"3"
"114",3,"male","small",FALSE,0.09,1.88,19,"3"
"115",3,"male","small",FALSE,0.24,1.99,18,"3"
"116",3,"male","small",FALSE,0.56,1.43,20,"3"
"117",3,"male","small",FALSE,0.59,1.73,19,"3"
"118",3,"male","small",FALSE,0.22,1.6,18,"3"
"119",3,"male","small",FALSE,0.97,1.97,19,"3"
"120",3,"male","small",FALSE,0.87,1.85,19,"3"
"121",3,"male","small",FALSE,0.14,1.94,21,"3"
"122",3,"male","small",TRUE,0.32,1.78,21,"3"
"123",3,"male","small",TRUE,0.41,1.53,20,"3"
"124",3,"male","small",TRUE,0.13,1.84,19,"3"
"125",3,"male","small",TRUE,0.11,1.66,18,"3"
"126",3,"male","small",TRUE,0.93,1.55,20,"3"
"127",3,"male","small",FALSE,0.92,1.08,19,"3"
"128",3,"male","small",FALSE,0.74,1.85,18,"3"
"129",3,"male","small",FALSE,0.27,1.45,18,"3"
"130",3,"male","small",FALSE,0.52,1.25,19,"3"
"131",3,"male","small",FALSE,0.13,1.39,18,"3"
"132",3,"male","small",FALSE,1,1.93,18,"3"
"133",3,"male","small",FALSE,0.06,1.32,20,"3"
"134",3,"male","small",FALSE,0.69,1.78,18,"3"
"135",3,"male","small",FALSE,0.1,1.61,21,"3"
"136",3,"male","small",FALSE,0.79,1.5,19,"3"
"137",3,"male","small",FALSE,0.03,1.9,20,"3"
"138",3,"male","small",TRUE,0.05,1.78,19,"3"
"139",3,"male","small",TRUE,0.69,1.73,18,"3"
"140",3,"male","small",TRUE,0.01,1.85,19,"3"
"141",3,"male","small",TRUE,0.8,1.15,18,"3"
"142",3,"male","small",TRUE,0.25,1.07,19,"3"
"143",3,"male","small",FALSE,0.37,1.03,19,"3"
"144",3,"male","small",FALSE,0.27,1.34,19,"3"
"145",4,"male","small",FALSE,0.58,1.8,19,"4"
"146",4,"male","small",FALSE,0.9,1.86,19,"4"
"147",4,"male","small",FALSE,0.95,1.13,19,"4"
"148",4,"male","small",FALSE,0.82,1.52,20,"4"
"149",4,"male","small",FALSE,0.67,1.69,21,"4"
"150",4,"male","small",TRUE,0.06,1.6,18,"4"
"151",4,"male","small",TRUE,0.82,1.46,20,"4"
"152",4,"male","small",TRUE,0.14,1.42,18,"4"
"153",4,"male","small",TRUE,0.47,1.73,19,"4"
"154",4,"male","small",FALSE,0.38,2,18,"4"
"155",4,"male","small",FALSE,0.17,1.67,19,"4"
"156",4,"male","small",FALSE,0.16,1.23,20,"4"
"157",4,"male","small",FALSE,0.01,1.2,20,"4"
"158",4,"male","small",FALSE,0.94,1.74,18,"4"
"159",4,"male","small",FALSE,0.71,1.56,21,"4"
"160",4,"male","small",FALSE,0.5,1.19,19,"4"
"161",4,"male","small",FALSE,0.55,1.29,18,"4"
"162",4,"male","small",FALSE,0.16,1.46,21,"4"
"163",4,"male","small",FALSE,0.42,1.94,21,"4"
"164",4,"male","small",FALSE,0.05,1.21,21,"4"
"165",4,"male","small",FALSE,0.34,1.52,20,"4"
"166",4,"male","small",FALSE,0.53,1.29,20,"4"
"167",4,"male","small",FALSE,0.2,1.15,18,"4"
"168",4,"male","small",FALSE,0.81,1.09,21,"4"
"169",4,"male","small",FALSE,0.17,1.31,20,"4"
"170",4,"male","small",TRUE,0.44,1.05,20,"4"
"171",4,"male","small",TRUE,0.54,1.72,18,"4"
"172",4,"male","small",TRUE,0.07,1.67,20,"4"
"173",4,"male","small",TRUE,0.95,1.5,21,"4"
"174",4,"male","small",TRUE,0.63,1.73,20,"4"
"175",4,"male","small",FALSE,0.61,1.27,18,"4"
"176",4,"male","small",FALSE,0.69,1.12,20,"4"
"177",4,"male","small",FALSE,0.92,1.13,21,"4"
"178",4,"male","small",FALSE,0.53,1.32,19,"4"
"179",4,"male","small",FALSE,0.04,1.72,20,"4"
"180",4,"male","small",FALSE,0.21,1.94,21,"4"
"181",4,"male","small",FALSE,0.45,1.6,19,"4"
"182",4,"male","small",FALSE,0.95,1.75,21,"4"
"183",4,"male","small",FALSE,0.09,1.28,21,"4"
"184",4,"male","small",FALSE,0.26,1.03,20,"4"
"185",4,"male","small",FALSE,0.99,1.27,18,"4"
"186",4,"male","small",TRUE,0.12,1.45,18,"4"
"187",4,"male","small",TRUE,0.74,1.67,21,"4"
"188",4,"male","small",TRUE,0.18,1.15,21,"4"
"189",4,"male","small",TRUE,0.83,1.78,20,"4"
"190",4,"male","small",TRUE,0.6,1.18,19,"4"
"191",4,"male","small",FALSE,0.47,1.46,19,"4"
"192",4,"male","small",FALSE,0.36,1.8,20,"4"
"193",5,"male","large",FALSE,0.22,1.06,19,"5"
"194",5,"male","large",FALSE,0.67,1.95,19,"5"
"195",5,"male","large",FALSE,0.43,1.93,18,"5"
"196",5,"male","large",FALSE,0.32,1.13,21,"5"
"197",5,"male","large",FALSE,0.23,1.07,19,"5"
"198",5,"male","large",TRUE,0.46,1.34,20,"5"
"199",5,"male","large",TRUE,0.38,1.77,20,"5"
"200",5,"male","large",TRUE,0.18,1.11,19,"5"
"201",5,"male","large",TRUE,0.98,1.37,20,"5"
"202",5,"male","large",FALSE,0.43,1.62,19,"5"
"203",5,"male","large",FALSE,0.91,1.59,21,"5"
"204",5,"male","large",FALSE,0.57,1.27,20,"5"
"205",5,"male","large",FALSE,0.01,1.02,18,"5"
"206",5,"male","large",FALSE,0.18,1.13,19,"5"
"207",5,"male","large",FALSE,0.27,1.15,19,"5"
"208",5,"male","large",FALSE,0.31,1.76,19,"5"
"209",5,"male","large",FALSE,0.56,1.5,19,"5"
"210",5,"male","large",FALSE,0.79,1.04,20,"5"
"211",5,"male","large",FALSE,0.68,1.34,19,"5"
"212",5,"male","large",FALSE,0.02,1.87,21,"5"
"213",5,"male","large",FALSE,0.89,1.93,20,"5"
"214",5,"male","large",FALSE,0.89,1.09,18,"5"
"215",5,"male","large",FALSE,0.42,1.8,21,"5"
"216",5,"male","large",FALSE,0.86,1.99,20,"5"
"217",5,"male","large",FALSE,0.17,1.37,19,"5"
"218",5,"male","large",FALSE,0.22,1.12,18,"5"
"219",5,"male","large",FALSE,0.91,1.48,21,"5"
"220",5,"male","large",FALSE,0.13,1.56,19,"5"
"221",5,"male","large",FALSE,0.39,1.82,20,"5"
"222",5,"male","large",FALSE,0.6,1.33,21,"5"
"223",5,"male","large",FALSE,0.83,1.01,20,"5"
"224",5,"male","large",FALSE,0.02,1.26,21,"5"
"225",5,"male","large",FALSE,0.19,1.75,21,"5"
"226",5,"male","large",FALSE,0.27,1.52,21,"5"
"227",5,"male","large",FALSE,0.81,1.92,19,"5"
"228",5,"male","large",FALSE,0.67,1.09,19,"5"
"229",5,"male","large",TRUE,0.3,1.64,18,"5"
"230",5,"male","large",FALSE,0.61,1.93,19,"5"
"231",5,"male","large",FALSE,0.72,1.72,18,"5"
"232",5,"male","large",FALSE,0,1.43,19,"5"
"233",5,"male","large",FALSE,0.05,1.06,18,"5"
"234",5,"male","large",TRUE,0.51,1.06,20,"5"
"235",5,"male","large",TRUE,0.44,1.18,21,"5"
"236",5,"male","large",TRUE,0.59,1.2,21,"5"
"237",5,"male","large",TRUE,0.94,1.32,18,"5"
"238",5,"male","large",TRUE,0.03,1,20,"5"
"239",5,"male","large",TRUE,0.39,1.06,21,"5"
"240",5,"male","large",FALSE,0.01,1.64,18,"5"
"241",6,"male","large",FALSE,0.59,1.28,21,"6"
"242",6,"male","large",FALSE,0.03,1.96,20,"6"
"243",6,"male","large",FALSE,0.13,1.15,18,"6"
"244",6,"male","large",FALSE,0.98,1.38,19,"6"
"245",6,"male","large",TRUE,0.83,1.21,19,"6"
"246",6,"male","large",TRUE,0.92,1.91,18,"6"
"247",6,"male","large",TRUE,0.79,1.76,19,"6"
"248",6,"male","large",TRUE,0.53,1.53,20,"6"
"249",6,"male","large",TRUE,0.46,1.12,19,"6"
"250",6,"male","large",TRUE,0.51,1.04,19,"6"
"251",6,"male","large",TRUE,0.53,1.26,19,"6"
"252",6,"male","large",TRUE,0.62,1.17,19,"6"
"253",6,"male","large",TRUE,0.93,1.54,20,"6"
"254",6,"male","large",TRUE,0.66,1.06,21,"6"
"255",6,"male","large",FALSE,0.13,1.75,18,"6"
"256",6,"male","large",FALSE,0.23,1.12,19,"6"
"257",6,"male","large",FALSE,0.26,1.4,19,"6"
"258",6,"male","large",FALSE,0.8,1.53,19,"6"
"259",6,"male","large",FALSE,0.09,1.03,20,"6"
"260",6,"male","large",FALSE,0.97,1.92,20,"6"
"261",6,"male","large",TRUE,0.61,1.07,19,"6"
"262",6,"male","large",FALSE,0.03,1.79,19,"6"
"263",6,"male","large",FALSE,0.2,1.71,20,"6"
"264",6,"male","large",FALSE,0.23,1.62,18,"6"
"265",6,"male","large",TRUE,0.13,1.38,21,"6"
"266",6,"male","large",TRUE,0.06,1.24,19,"6"
"267",6,"male","large",TRUE,0.84,1.09,21,"6"
"268",6,"male","large",TRUE,0.69,1.76,19,"6"
"269",6,"male","large",TRUE,0.97,1.47,21,"6"
"270",6,"male","large",TRUE,0.93,1.97,21,"6"
"271",6,"male","large",FALSE,0.43,1.2,18,"6"
"272",6,"male","large",FALSE,0.72,1.41,18,"6"
"273",6,"male","large",FALSE,0.2,1.01,20,"6"
"274",6,"male","large",FALSE,0.98,1.27,20,"6"
"275",6,"male","large",FALSE,0.6,1.38,18,"6"
"276",6,"male","large",FALSE,0.45,1.79,19,"6"
"277",6,"male","large",FALSE,0.91,1.21,19,"6"
"278",6,"male","large",FALSE,0.75,1.59,18,"6"
"279",6,"male","large",FALSE,0.34,1.7,20,"6"
"280",6,"male","large",FALSE,0.98,1.74,19,"6"
"281",6,"male","large",FALSE,0.54,1.34,20,"6"
"282",6,"male","large",TRUE,0.8,1.92,19,"6"
"283",6,"male","large",TRUE,0.37,1.69,19,"6"
"284",6,"male","large",TRUE,0.57,1.25,19,"6"
"285",6,"male","large",TRUE,0.82,1.67,18,"6"
"286",6,"male","large",TRUE,0.89,1.97,21,"6"
"287",6,"male","large",FALSE,0.48,1.88,20,"6"
"288",6,"male","large",FALSE,0.5,1.57,18,"6"
"289",7,"male","large",FALSE,0.44,1.98,20,"7"
"290",7,"male","large",FALSE,0.65,1.93,19,"7"
"291",7,"male","large",FALSE,0.2,1.88,20,"7"
"292",7,"male","large",FALSE,0.01,1.1,21,"7"
"293",7,"male","large",FALSE,0.85,1.09,20,"7"
"294",7,"male","large",TRUE,0.49,1.36,18,"7"
"295",7,"male","large",TRUE,0.12,1.18,19,"7"
"296",7,"male","large",TRUE,0.5,1.38,18,"7"
"297",7,"male","large",TRUE,0.98,1.55,21,"7"
"298",7,"male","large",TRUE,0.46,1.98,21,"7"
"299",7,"male","large",TRUE,0.46,1.13,19,"7"
"300",7,"male","large",FALSE,0.48,1.17,21,"7"
"301",7,"male","large",TRUE,0.68,1.72,21,"7"
"302",7,"male","large",FALSE,0.33,1.81,21,"7"
"303",7,"male","large",TRUE,0.93,1.19,19,"7"
"304",7,"male","large",FALSE,0.65,1.45,20,"7"
"305",7,"male","large",TRUE,0.24,1.14,18,"7"
"306",7,"male","large",FALSE,0.28,1.38,18,"7"
"307",7,"male","large",TRUE,0.33,1.8,20,"7"
"308",7,"male","large",FALSE,0.99,1.86,18,"7"
"309",7,"male","large",TRUE,0.94,1.13,21,"7"
"310",7,"male","large",FALSE,0.04,1.58,21,"7"
"311",7,"male","large",TRUE,0.99,1.45,18,"7"
"312",7,"male","large",FALSE,0.49,1.64,19,"7"
"313",7,"male","large",TRUE,0.75,1.43,19,"7"
"314",7,"male","large",TRUE,0.3,1.35,19,"7"
"315",7,"male","large",TRUE,0.63,1.8,19,"7"
"316",7,"male","large",TRUE,0.16,1.68,18,"7"
"317",7,"male","large",TRUE,0,1.88,21,"7"
"318",7,"male","large",TRUE,0.49,1.22,19,"7"
"319",7,"male","large",FALSE,0.5,1.99,18,"7"
"320",7,"male","large",FALSE,0.66,1.36,18,"7"
"321",7,"male","large",FALSE,0.71,1.8,19,"7"
"322",7,"male","large",FALSE,0.22,1.34,19,"7"
"323",7,"male","large",FALSE,0.32,1.32,21,"7"
"324",7,"male","large",FALSE,0.4,1.14,19,"7"
"325",7,"male","large",FALSE,0.24,1.47,21,"7"
"326",7,"male","large",FALSE,0.95,1.88,19,"7"
"327",7,"male","large",FALSE,0.15,1.09,19,"7"
"328",7,"male","large",FALSE,0.9,1.65,21,"7"
"329",7,"male","large",FALSE,0.59,1.75,21,"7"
"330",7,"male","large",TRUE,0.08,1.28,18,"7"
"331",7,"male","large",TRUE,0.72,1.32,20,"7"
"332",7,"male","large",TRUE,0.62,1.41,20,"7"
"333",7,"male","large",TRUE,0.35,1.88,18,"7"
"334",7,"male","large",TRUE,0.11,1.94,19,"7"
"335",7,"male","large",FALSE,0.34,1.82,21,"7"
"336",7,"male","large",FALSE,0.24,1.31,18,"7"
"337",8,"male","large",FALSE,1,1.48,20,"8"
"338",8,"male","large",FALSE,0.75,1.92,19,"8"
"339",8,"male","large",FALSE,0.56,1.62,19,"8"
"340",8,"male","large",FALSE,0.7,1.2,20,"8"
"341",8,"male","large",FALSE,0.9,1.4,18,"8"
"342",8,"male","large",TRUE,0.47,1.44,21,"8"
"343",8,"male","large",TRUE,0.99,1.97,21,"8"
"344",8,"male","large",TRUE,0.37,1.98,20,"8"
"345",8,"male","large",TRUE,0.38,1.04,19,"8"
"346",8,"male","large",TRUE,0.5,1.85,19,"8"
"347",8,"male","large",FALSE,0.28,1.28,20,"8"
"348",8,"male","large",FALSE,0.01,1.07,21,"8"
"349",8,"male","large",FALSE,0.61,1.6,18,"8"
"350",8,"male","large",TRUE,0.01,1.23,19,"8"
"351",8,"male","large",FALSE,0.66,1.39,19,"8"
"352",8,"male","large",FALSE,0.04,1.92,20,"8"
"353",8,"male","large",FALSE,0.69,1.19,19,"8"
"354",8,"male","large",TRUE,0.91,1.29,21,"8"
"355",8,"male","large",FALSE,0.31,1.83,18,"8"
"356",8,"male","large",FALSE,0.96,1.87,21,"8"
"357",8,"male","large",FALSE,0.4,1.25,20,"8"
"358",8,"male","large",TRUE,0.3,1.09,19,"8"
"359",8,"male","large",FALSE,0.57,1.51,18,"8"
"360",8,"male","large",TRUE,0.68,1.44,19,"8"
"361",8,"male","large",FALSE,0.19,1.53,18,"8"
"362",8,"male","large",TRUE,0.91,1.91,20,"8"
"363",8,"male","large",TRUE,0.3,1.38,19,"8"
"364",8,"male","large",TRUE,0.02,1.09,19,"8"
"365",8,"male","large",TRUE,0.69,1.8,19,"8"
"366",8,"male","large",TRUE,0.69,1.71,18,"8"
"367",8,"male","large",FALSE,0.62,1.65,19,"8"
"368",8,"male","large",FALSE,0.02,1.26,21,"8"
"369",8,"male","large",FALSE,0.25,1.8,19,"8"
"370",8,"male","large",FALSE,0.61,1.26,19,"8"
"371",8,"male","large",FALSE,0.32,1.74,20,"8"
"372",8,"male","large",FALSE,0.87,1.83,18,"8"
"373",8,"male","large",FALSE,0.8,1.35,19,"8"
"374",8,"male","large",FALSE,0.95,1.36,21,"8"
"375",8,"male","large",FALSE,0.08,1.7,18,"8"
"376",8,"male","large",FALSE,0.48,1.92,18,"8"
"377",8,"male","large",FALSE,0.59,1.82,21,"8"
"378",8,"male","large",TRUE,0.48,1.1,20,"8"
"379",8,"male","large",TRUE,0.67,1.81,19,"8"
"380",8,"male","large",TRUE,0.46,1.06,21,"8"
"381",8,"male","large",TRUE,0.78,1.55,18,"8"
"382",8,"male","large",TRUE,0.32,1.87,20,"8"
"383",8,"male","large",FALSE,0.17,1.54,18,"8"
"384",8,"male","large",FALSE,0.5,1.92,21,"8"
"385",9,"female","small",FALSE,0.27,1.74,18,"9"
"386",9,"female","small",FALSE,0.71,1.31,20,"9"
"387",9,"female","small",FALSE,0.39,1.7,20,"9"
"388",9,"female","small",FALSE,0.87,1.52,21,"9"
"389",9,"female","small",FALSE,0.12,1.41,19,"9"
"390",9,"female","small",TRUE,0.53,1.1,21,"9"
"391",9,"female","small",TRUE,0.42,1.15,21,"9"
"392",9,"female","small",TRUE,0.22,1.02,21,"9"
"393",9,"female","small",TRUE,0.19,1.16,19,"9"
"394",9,"female","small",TRUE,0.78,1.62,19,"9"
"395",9,"female","small",FALSE,0.78,1.4,20,"9"
"396",9,"female","small",FALSE,0.48,1.99,19,"9"
"397",9,"female","small",FALSE,0.95,1.19,18,"9"
"398",9,"female","small",FALSE,0.3,1.52,19,"9"
"399",9,"female","small",FALSE,0.72,1.11,19,"9"
"400",9,"female","small",FALSE,0.02,1.02,20,"9"
"401",9,"female","small",FALSE,0.11,1.47,19,"9"
"402",9,"female","small",FALSE,0.78,1.39,20,"9"
"403",9,"female","small",FALSE,0.2,1.12,20,"9"
"404",9,"female","small",FALSE,0.8,1.7,20,"9"
"405",9,"female","small",FALSE,0.5,1.63,21,"9"
"406",9,"female","small",FALSE,0.63,1.81,20,"9"
"407",9,"female","small",FALSE,0.47,1.69,21,"9"
"408",9,"female","small",FALSE,0.11,1.71,19,"9"
"409",9,"female","small",FALSE,0.65,1.81,21,"9"
"410",9,"female","small",TRUE,0.45,1.99,18,"9"
"411",9,"female","small",TRUE,0.48,2,19,"9"
"412",9,"female","small",TRUE,0.68,1.1,18,"9"
"413",9,"female","small",TRUE,0.54,1.81,20,"9"
"414",9,"female","small",TRUE,0.15,1.76,21,"9"
"415",9,"female","small",FALSE,0.03,1.4,20,"9"
"416",9,"female","small",FALSE,0.54,1.31,20,"9"
"417",9,"female","small",FALSE,0.51,1.9,19,"9"
"418",9,"female","small",FALSE,0.08,1.39,18,"9"
"419",9,"female","small",FALSE,0.6,1.77,21,"9"
"420",9,"female","small",FALSE,0.25,1.2,19,"9"
"421",9,"female","small",FALSE,0.4,1.01,20,"9"
"422",9,"female","small",FALSE,0.81,1.27,19,"9"
"423",9,"female","small",FALSE,0.21,1.45,20,"9"
"424",9,"female","small",FALSE,0.67,1.8,20,"9"
"425",9,"female","small",FALSE,0.09,1.49,20,"9"
"426",9,"female","small",TRUE,0.41,1.97,20,"9"
"427",9,"female","small",TRUE,0.54,1.79,18,"9"
"428",9,"female","small",TRUE,0.8,1.85,20,"9"
"429",9,"female","small",TRUE,0.73,1.95,20,"9"
"430",9,"female","small",TRUE,0.89,1.55,19,"9"
"431",9,"female","small",FALSE,0.21,1.83,21,"9"
"432",9,"female","small",FALSE,0.58,1.91,18,"9"
"433",10,"female","small",FALSE,0.49,2,18,"10"
"434",10,"female","small",FALSE,0.72,1.56,20,"10"
"435",10,"female","small",FALSE,0.41,1.92,18,"10"
"436",10,"female","small",FALSE,0.03,1.37,21,"10"
"437",10,"female","small",FALSE,0.54,1.77,18,"10"
"438",10,"female","small",TRUE,0.11,1.93,21,"10"
"439",10,"female","small",TRUE,0.27,1.68,19,"10"
"440",10,"female","small",TRUE,0.63,1.41,18,"10"
"441",10,"female","small",TRUE,0.37,1.85,20,"10"
"442",10,"female","small",TRUE,0.34,1.72,21,"10"
"443",10,"female","small",FALSE,0.08,1.78,18,"10"
"444",10,"female","small",FALSE,0.4,1.24,18,"10"
"445",10,"female","small",FALSE,0.55,1.5,18,"10"
"446",10,"female","small",FALSE,0.73,1.32,20,"10"
"447",10,"female","small",FALSE,0.23,1.54,20,"10"
"448",10,"female","small",FALSE,0.7,1.65,21,"10"
"449",10,"female","small",FALSE,0.66,1.67,18,"10"
"450",10,"female","small",FALSE,0.38,1.5,18,"10"
"451",10,"female","small",FALSE,0.23,1.28,18,"10"
"452",10,"female","small",FALSE,0.44,1.27,18,"10"
"453",10,"female","small",FALSE,0.29,1.23,18,"10"
"454",10,"female","small",FALSE,0.35,1.33,21,"10"
"455",10,"female","small",FALSE,0.8,1.6,21,"10"
"456",10,"female","small",TRUE,0.29,1.03,18,"10"
"457",10,"female","small",TRUE,0.59,1.25,20,"10"
"458",10,"female","small",TRUE,0.68,1.32,21,"10"
"459",10,"female","small",TRUE,0.67,1.62,18,"10"
"460",10,"female","small",TRUE,0.79,1.8,18,"10"
"461",10,"female","small",TRUE,0.71,1.63,19,"10"
"462",10,"female","small",TRUE,0.58,1.13,19,"10"
"463",10,"female","small",FALSE,0.43,1.31,18,"10"
"464",10,"female","small",FALSE,0.16,1.05,20,"10"
"465",10,"female","small",FALSE,0.8,1.27,19,"10"
"466",10,"female","small",FALSE,0.06,1.16,20,"10"
"467",10,"female","small",FALSE,0.57,1.76,20,"10"
"468",10,"female","small",FALSE,0.52,1.72,19,"10"
"469",10,"female","small",FALSE,0.87,1.09,19,"10"
"470",10,"female","small",FALSE,0.48,1.07,18,"10"
"471",10,"female","small",FALSE,0.77,1.85,20,"10"
"472",10,"female","small",FALSE,0.56,1.27,19,"10"
"473",10,"female","small",FALSE,0.99,1.7,19,"10"
"474",10,"female","small",TRUE,0.34,1.69,19,"10"
"475",10,"female","small",TRUE,0.04,1.3,19,"10"
"476",10,"female","small",TRUE,0.74,1.24,18,"10"
"477",10,"female","small",TRUE,0.13,1.91,18,"10"
"478",10,"female","small",TRUE,0.76,1.71,20,"10"
"479",10,"female","small",FALSE,0.85,1.76,18,"10"
"480",10,"female","small",FALSE,0.49,1.57,21,"10"
"481",11,"female","small",FALSE,0.11,1.75,20,"11"
"482",11,"female","small",FALSE,0.74,1.66,21,"11"
"483",11,"female","small",FALSE,0.08,1.1,19,"11"
"484",11,"female","small",FALSE,0.09,1.61,21,"11"
"485",11,"female","small",FALSE,0.2,1.8,19,"11"
"486",11,"female","small",TRUE,0.42,1.97,19,"11"
"487",11,"female","small",TRUE,0.45,1.25,19,"11"
"488",11,"female","small",TRUE,0.66,1.57,20,"11"
"489",11,"female","small",TRUE,0.65,1.88,21,"11"
"490",11,"female","small",TRUE,0.29,1.6,18,"11"
"491",11,"female","small",FALSE,1,1.56,19,"11"
"492",11,"female","small",FALSE,0.07,1.83,20,"11"
"493",11,"female","small",FALSE,0.76,1,18,"11"
"494",11,"female","small",FALSE,0.89,1.63,19,"11"
"495",11,"female","small",FALSE,0.33,1.39,21,"11"
"496",11,"female","small",FALSE,0.4,1.11,21,"11"
"497",11,"female","small",TRUE,0.28,1.54,18,"11"
"498",11,"female","small",FALSE,0.73,1.94,20,"11"
"499",11,"female","small",FALSE,0.39,1.84,21,"11"
"500",11,"female","small",FALSE,0.66,1.53,21,"11"
"501",11,"female","small",FALSE,0.54,1.36,20,"11"
"502",11,"female","small",FALSE,0.65,1.26,20,"11"
"503",11,"female","small",FALSE,0.81,1.28,20,"11"
"504",11,"female","small",FALSE,0.65,1.4,18,"11"
"505",11,"female","small",FALSE,0.59,1.46,19,"11"
"506",11,"female","small",TRUE,0.82,1.7,18,"11"
"507",11,"female","small",TRUE,0.42,1.68,18,"11"
"508",11,"female","small",TRUE,0.25,1.19,20,"11"
"509",11,"female","small",TRUE,0.32,1.63,19,"11"
"510",11,"female","small",TRUE,0.62,1,21,"11"
"511",11,"female","small",FALSE,0.12,1.4,18,"11"
"512",11,"female","small",FALSE,0.86,1.65,19,"11"
"513",11,"female","small",FALSE,0.49,1.66,20,"11"
"514",11,"female","small",FALSE,0.64,1.56,20,"11"
"515",11,"female","small",FALSE,0.64,1.73,19,"11"
"516",11,"female","small",FALSE,0.6,1.5,20,"11"
"517",11,"female","small",FALSE,0.49,1.71,21,"11"
"518",11,"female","small",FALSE,0.51,1.18,21,"11"
"519",11,"female","small",FALSE,0.78,1.42,18,"11"
"520",11,"female","small",FALSE,0.91,1.93,21,"11"
"521",11,"female","small",FALSE,0.96,1.38,21,"11"
"522",11,"female","small",TRUE,0.7,1.26,19,"11"
"523",11,"female","small",TRUE,0.73,1.27,20,"11"
"524",11,"female","small",TRUE,0.36,1.06,19,"11"
"525",11,"female","small",TRUE,0.62,1.54,20,"11"
"526",11,"female","small",TRUE,0.78,1.66,21,"11"
"527",11,"female","small",FALSE,0.93,1.4,21,"11"
"528",11,"female","small",FALSE,0.54,1.97,21,"11"
"529",12,"female","small",FALSE,0.93,1.24,21,"12"
"530",12,"female","small",FALSE,0.41,1.02,18,"12"
"531",12,"female","small",FALSE,0.72,1.76,18,"12"
"532",12,"female","small",FALSE,0.65,1.44,20,"12"
"533",12,"female","small",FALSE,0.39,1.72,19,"12"
"534",12,"female","small",TRUE,0.82,1.34,21,"12"
"535",12,"female","small",TRUE,0.48,1.68,21,"12"
"536",12,"female","small",TRUE,0.18,1.45,21,"12"
"537",12,"female","small",TRUE,0.97,1.85,19,"12"
"538",12,"female","small",TRUE,0.22,1.17,20,"12"
"539",12,"female","small",TRUE,0.94,1.9,18,"12"
"540",12,"female","small",TRUE,0.18,1.66,20,"12"
"541",12,"female","small",TRUE,0.45,1.56,21,"12"
"542",12,"female","small",TRUE,0.92,1.16,20,"12"
"543",12,"female","small",TRUE,0.51,1.9,20,"12"
"544",12,"female","small",TRUE,0.55,1.78,18,"12"
"545",12,"female","small",TRUE,0.01,1.58,20,"12"
"546",12,"female","small",TRUE,0.22,1.43,19,"12"
"547",12,"female","small",TRUE,0.61,1.12,19,"12"
"548",12,"female","small",TRUE,0.37,1.27,19,"12"
"549",12,"female","small",FALSE,0.45,1.59,19,"12"
"550",12,"female","small",FALSE,0.07,1.09,19,"12"
"551",12,"female","small",FALSE,0.4,1.37,18,"12"
"552",12,"female","small",FALSE,0.85,1.31,18,"12"
"553",12,"female","small",FALSE,1,1.73,20,"12"
"554",12,"female","small",TRUE,0.95,1.44,21,"12"
"555",12,"female","small",TRUE,0.26,1.78,21,"12"
"556",12,"female","small",TRUE,0.8,1.75,21,"12"
"557",12,"female","small",TRUE,0.47,1.51,20,"12"
"558",12,"female","small",TRUE,0.74,1.5,21,"12"
"559",12,"female","small",FALSE,0.09,1.56,19,"12"
"560",12,"female","small",FALSE,0.43,1.78,20,"12"
"561",12,"female","small",FALSE,0.05,1.63,21,"12"
"562",12,"female","small",FALSE,0.49,1.95,19,"12"
"563",12,"female","small",FALSE,0.44,1.58,18,"12"
"564",12,"female","small",FALSE,0.68,1.47,18,"12"
"565",12,"female","small",FALSE,0,1.03,20,"12"
"566",12,"female","small",FALSE,0.82,1.79,21,"12"
"567",12,"female","small",FALSE,0.48,1.99,20,"12"
"568",12,"female","small",FALSE,0.52,1.97,18,"12"
"569",12,"female","small",FALSE,0.06,1.6,20,"12"
"570",12,"female","small",TRUE,0.65,1.66,18,"12"
"571",12,"female","small",TRUE,0.78,1.68,18,"12"
"572",12,"female","small",TRUE,0.49,1.4,21,"12"
"573",12,"female","small",TRUE,0.61,1.59,21,"12"
"574",12,"female","small",TRUE,0.18,1.55,19,"12"
"575",12,"female","small",FALSE,0.41,1.65,20,"12"
"576",12,"female","small",FALSE,0.43,1.29,18,"12"
"577",13,"female","large",FALSE,0.95,1.86,21,"13"
"578",13,"female","large",FALSE,0.42,1.02,18,"13"
"579",13,"female","large",FALSE,0.34,1.29,19,"13"
"580",13,"female","large",FALSE,0.42,1.19,19,"13"
"581",13,"female","large",FALSE,0.84,1.42,19,"13"
"582",13,"female","large",TRUE,0.7,1.22,20,"13"
"583",13,"female","large",TRUE,0.22,1.81,21,"13"
"584",13,"female","large",TRUE,0.75,1.53,19,"13"
"585",13,"female","large",TRUE,0.13,1.03,21,"13"
"586",13,"female","large",TRUE,0.72,1.84,21,"13"
"587",13,"female","large",FALSE,0.6,1.41,NA,"13"
"588",13,"female","large",FALSE,0.78,1.03,20,"13"
"589",13,"female","large",FALSE,0.26,1.74,18,"13"
"590",13,"female","large",FALSE,0.47,1.39,18,"13"
"591",13,"female","large",FALSE,0.3,1.46,21,"13"
"592",13,"female","large",TRUE,0.57,1.46,20,"13"
"593",13,"female","large",FALSE,0.13,1.81,18,"13"
"594",13,"female","large",FALSE,0.96,1.74,20,"13"
"595",13,"female","large",FALSE,0.91,1.83,19,"13"
"596",13,"female","large",FALSE,0.66,1.07,20,"13"
"597",13,"female","large",FALSE,0.69,1.48,20,"13"
"598",13,"female","large",FALSE,0.82,1.51,20,"13"
"599",13,"female","large",FALSE,0.95,1.16,18,"13"
"600",13,"female","large",TRUE,0.98,1.94,20,"13"
"601",13,"female","large",FALSE,0.61,1.71,19,"13"
"602",13,"female","large",FALSE,0.7,1.3,19,"13"
"603",13,"female","large",FALSE,0.24,1.52,20,"13"
"604",13,"female","large",FALSE,0.95,1.2,20,"13"
"605",13,"female","large",FALSE,0.42,1.72,19,"13"
"606",13,"female","large",FALSE,0.45,1,18,"13"
"607",13,"female","large",FALSE,0.74,1.42,19,"13"
"608",13,"female","large",FALSE,0.2,1.05,NA,"13"
"609",13,"female","large",FALSE,0.66,1.41,18,"13"
"610",13,"female","large",FALSE,0.79,1.86,19,"13"
"611",13,"female","large",FALSE,0.71,1.32,21,"13"
"612",13,"female","large",FALSE,0.65,1.63,20,"13"
"613",13,"female","large",FALSE,0.93,1.81,19,"13"
"614",13,"female","large",FALSE,0.46,1.85,21,"13"
"615",13,"female","large",FALSE,0.88,1.45,20,"13"
"616",13,"female","large",FALSE,0.67,1.37,21,"13"
"617",13,"female","large",FALSE,0.05,1.01,20,"13"
"618",13,"female","large",TRUE,0.88,1.77,21,"13"
"619",13,"female","large",TRUE,0.49,1.01,18,"13"
"620",13,"female","large",TRUE,0.82,1.44,20,"13"
"621",13,"female","large",TRUE,0.92,1.11,21,"13"
"622",13,"female","large",TRUE,0.27,1.11,18,"13"
"623",13,"female","large",FALSE,0.67,1.36,18,"13"
"624",13,"female","large",FALSE,0.62,1.1,21,"13"
"625",14,"female","large",FALSE,0.1,1.2,20,"14"
"626",14,"female","large",FALSE,0.56,1.07,20,"14"
"627",14,"female","large",FALSE,0.79,1.21,18,"14"
"628",14,"female","large",FALSE,0.37,1.51,18,"14"
"629",14,"female","large",FALSE,0.91,1.29,21,"14"
"630",14,"female","large",TRUE,0.84,1.09,21,"14"
"631",14,"female","large",TRUE,0.06,1.39,20,"14"
"632",14,"female","large",TRUE,0.56,1.15,21,"14"
"633",14,"female","large",TRUE,0.8,1.16,18,"14"
"634",14,"female","large",TRUE,0.34,1.48,21,"14"
"635",14,"female","large",FALSE,0.51,1.34,19,"14"
"636",14,"female","large",FALSE,0.46,1.32,19,"14"
"637",14,"female","large",FALSE,0.38,1.72,NA,"14"
"638",14,"female","large",FALSE,0.08,1.54,19,"14"
"639",14,"female","large",FALSE,0.18,1.73,19,"14"
"640",14,"female","large",FALSE,0.04,1.52,18,"14"
"641",14,"female","large",FALSE,0,1.68,19,"14"
"642",14,"female","large",FALSE,0.39,1.76,21,"14"
"643",14,"female","large",FALSE,0.79,1.99,21,"14"
"644",14,"female","large",FALSE,0.91,1.32,18,"14"
"645",14,"female","large",FALSE,0.34,1.75,19,"14"
"646",14,"female","large",FALSE,0.76,1.86,19,"14"
"647",14,"female","large",FALSE,0.46,1.93,20,"14"
"648",14,"female","large",FALSE,0.48,1.11,21,"14"
"649",14,"female","large",FALSE,0.42,1.92,21,"14"
"650",14,"female","large",TRUE,0.81,1.74,20,"14"
"651",14,"female","large",TRUE,0.4,1.55,21,"14"
"652",14,"female","large",TRUE,0.74,1.95,18,"14"
"653",14,"female","large",TRUE,0.6,1.77,19,"14"
"654",14,"female","large",TRUE,0.63,1.45,21,"14"
"655",14,"female","large",FALSE,0.71,1.11,18,"14"
"656",14,"female","large",FALSE,0.62,1.51,20,"14"
"657",14,"female","large",FALSE,0.7,1.86,19,"14"
"658",14,"female","large",FALSE,0.75,1.62,20,"14"
"659",14,"female","large",FALSE,0.44,1.81,21,"14"
"660",14,"female","large",FALSE,0.57,1.58,21,"14"
"661",14,"female","large",FALSE,0.63,1.65,18,"14"
"662",14,"female","large",FALSE,0.76,1.89,20,"14"
"663",14,"female","large",FALSE,0.19,1.39,20,"14"
"664",14,"female","large",FALSE,0.43,1.81,18,"14"
"665",14,"female","large",FALSE,0.01,1.68,20,"14"
"666",14,"female","large",TRUE,0.07,1.24,20,"14"
"667",14,"female","large",TRUE,0.48,1.86,18,"14"
"668",14,"female","large",TRUE,0.93,1.1,18,"14"
"669",14,"female","large",TRUE,0.97,1.06,20,"14"
"670",14,"female","large",TRUE,0.59,1.27,19,"14"
"671",14,"female","large",FALSE,0.82,1.52,21,"14"
"672",14,"female","large",FALSE,0.86,1.5,20,"14"
"673",15,"female","large",FALSE,0.78,1.41,20,"15"
"674",15,"female","large",FALSE,0.08,1.99,20,"15"
"675",15,"female","large",FALSE,0.81,1.3,20,"15"
"676",15,"female","large",FALSE,0.32,1.4,18,"15"
"677",15,"female","large",FALSE,0.02,1.08,21,"15"
"678",15,"female","large",TRUE,0.5,1.7,21,"15"
"679",15,"female","large",TRUE,0.45,1.78,18,"15"
"680",15,"female","large",TRUE,0.2,1.03,21,"15"
"681",15,"female","large",TRUE,0.48,1.88,18,"15"
"682",15,"female","large",TRUE,0.356452,1.21,NA,"15"
"683",15,"female","large",FALSE,0.62,1.09,20,"15"
"684",15,"female","large",FALSE,0.45,1.17,18,"15"
"685",15,"female","large",FALSE,0.88,1.15,20,"15"
"686",15,"female","large",FALSE,0.66,1.75,20,"15"
"687",15,"female","large",FALSE,0.14,1.49,21,"15"
"688",15,"female","large",FALSE,0.66,1.54,20,"15"
"689",15,"female","large",FALSE,0.55,1.15,21,"15"
"690",15,"female","large",FALSE,0.46,1.69,21,"15"
"691",15,"female","large",FALSE,0.87,1.99,21,"15"
"692",15,"female","large",FALSE,0.73,1.25,20,"15"
"693",15,"female","large",FALSE,0.54,1.56,19,"15"
"694",15,"female","large",FALSE,0.72,1.87,18,"15"
"695",15,"female","large",FALSE,0.79,1.64,21,"15"
"696",15,"female","large",FALSE,0.78,1.66,19,"15"
"697",15,"female","large",FALSE,0.23,1.94,20,"15"
"698",15,"female","large",TRUE,0.23,1.24,20,"15"
"699",15,"female","large",TRUE,0.82,1.9,18,"15"
"700",15,"female","large",TRUE,0.55,1.11,19,"15"
"701",15,"female","large",TRUE,0.98,1.43,NA,"15"
"702",15,"female","large",TRUE,0.43,1.97,18,"15"
"703",15,"female","large",FALSE,0.68,1.65,18,"15"
"704",15,"female","large",FALSE,0.84,1.33,18,"15"
"705",15,"female","large",FALSE,0.17,1.92,20,"15"
"706",15,"female","large",FALSE,0.94,1.8,18,"15"
"707",15,"female","large",FALSE,0.62,1.82,18,"15"
"708",15,"female","large",FALSE,0.84,1.62,19,"15"
"709",15,"female","large",FALSE,0.12,1.22,21,"15"
"710",15,"female","large",FALSE,0.95,1.37,18,"15"
"711",15,"female","large",FALSE,0.94,1.41,21,"15"
"712",15,"female","large",FALSE,0.83,1.46,18,"15"
"713",15,"female","large",FALSE,0.55,1.87,20,"15"
"714",15,"female","large",TRUE,0.56,1.72,19,"15"
"715",15,"female","large",TRUE,0.59,1.18,20,"15"
"716",15,"female","large",TRUE,0.97,1.71,21,"15"
"717",15,"female","large",TRUE,0.77,1.88,20,"15"
"718",15,"female","large",TRUE,0.89,1.02,20,"15"
"719",15,"female","large",FALSE,0.66,1.47,21,"15"
"720",15,"female","large",FALSE,0.33,1.68,21,"15"
"721",16,"female","large",FALSE,0.78,1.04,18,"16"
"722",16,"female","large",FALSE,0.55,1.1,21,"16"
"723",16,"female","large",FALSE,0.25,1.13,21,"16"
"724",16,"female","large",FALSE,0.33,1.68,20,"16"
"725",16,"female","large",FALSE,0.99,1.36,20,"16"
"726",16,"female","large",TRUE,0.81,1.74,18,"16"
"727",16,"female","large",TRUE,0.8,1.67,20,"16"
"728",16,"female","large",TRUE,0.89,1.81,19,"16"
"729",16,"female","large",TRUE,0.5,1.67,19,"16"
"730",16,"female","large",TRUE,0.63,1.43,18,"16"
"731",16,"female","large",FALSE,0.13,1.42,19,"16"
"732",16,"female","large",FALSE,0.59,1.57,19,"16"
"733",16,"female","large",FALSE,0.25,1.13,21,"16"
"734",16,"female","large",FALSE,0.98,1.39,18,"16"
"735",16,"female","large",FALSE,0.45,1.13,21,"16"
"736",16,"female","large",FALSE,0.75,1.35,21,"16"
"737",16,"female","large",FALSE,0.06,1.14,18,"16"
"738",16,"female","large",FALSE,0.71,1.05,18,"16"
"739",16,"female","large",FALSE,0.94,1.28,20,"16"
"740",16,"female","large",FALSE,0.26,1.43,19,"16"
"741",16,"female",NA,FALSE,0.55,1.37,18,"16"
"742",16,"female","large",FALSE,0.35,1.89,18,"16"
"743",16,"female","large",FALSE,0.45,1.78,NA,"16"
"744",16,"female","large",FALSE,0.12,1.47,20,"16"
"745",16,"female","large",FALSE,0.64,1.2,21,"16"
"746",16,"female","large",TRUE,0.4,1.26,20,"16"
"747",16,"female","large",TRUE,0.95,1.29,21,"16"
"748",16,"female","large",TRUE,0.98,1.98,21,"16"
"749",16,"female","large",TRUE,0.83,1.53,19,"16"
"750",16,"female","large",TRUE,0.55,1.5,20,"16"
"751",16,"female","large",FALSE,0.75,1.98,18,"16"
"752",16,"female","large",FALSE,0.08,1.11,20,"16"
"753",16,"female","large",FALSE,0.18,1.66,20,"16"
"754",16,"female","large",FALSE,0.96,1.53,21,"16"
"755",16,"female","large",FALSE,0.42336,1.45,20,"16"
"756",16,"female","large",FALSE,0.15,1.21,21,"16"
"757",16,"female","large",FALSE,0.1,1.25,21,"16"
"758",16,"female","large",FALSE,0.38,1.13,20,"16"
"759",16,"female","large",FALSE,0.28,1.21,18,"16"
"760",16,"female","large",FALSE,0.37,1.38,18,"16"
"761",16,"female","large",FALSE,0.92,2,21,"16"
"762",16,"female","large",TRUE,0.81,1.65,20,"16"
"763",16,"female","large",TRUE,0.77,1.4,19,"16"
"764",16,"female","large",TRUE,0.3,1.39,21,"16"
"765",16,"female","large",TRUE,0.65,1.71,20,"16"
"766",16,"female","large",TRUE,0.46,1.27,19,"16"
"767",16,"female","large",FALSE,0.36,1.28,21,"16"
"768",16,"female","large",FALSE,0.42336,1.82,19,"16"
